,date,open,close,high,low,volume,code,time
0,2018-08-03,5.2,5.19,5.2,5.18,1866.0,600642,14:55
1,2018-08-03,5.19,5.17,5.19,5.17,1418.0,600642,15:00
2,2018-08-06,5.18,5.18,5.19,5.17,1936.0,600642,09:35
3,2018-08-06,5.19,5.19,5.2,5.17,3586.0,600642,09:40
4,2018-08-06,5.19,5.19,5.2,5.18,1664.0,600642,09:45
5,2018-08-06,5.18,5.19,5.2,5.18,1717.0,600642,09:50
6,2018-08-06,5.19,5.2,5.22,5.18,1863.0,600642,09:55
7,2018-08-06,5.2,5.21,5.22,5.2,1132.0,600642,10:00
8,2018-08-06,5.21,5.2,5.22,5.19,1564.0,600642,10:05
9,2018-08-06,5.2,5.21,5.22,5.19,2152.0,600642,10:10
10,2018-08-06,5.21,5.18,5.21,5.18,1626.0,600642,10:15
11,2018-08-06,5.18,5.18,5.2,5.17,1266.0,600642,10:20
12,2018-08-06,5.18,5.18,5.19,5.17,846.0,600642,10:25
13,2018-08-06,5.18,5.19,5.2,5.17,1805.0,600642,10:30
14,2018-08-06,5.19,5.18,5.19,5.18,1051.0,600642,10:35
15,2018-08-06,5.18,5.17,5.19,5.17,1566.0,600642,10:40
16,2018-08-06,5.17,5.18,5.18,5.17,2654.0,600642,10:45
17,2018-08-06,5.17,5.17,5.18,5.16,1716.0,600642,10:50
18,2018-08-06,5.16,5.17,5.17,5.16,1268.0,600642,10:55
19,2018-08-06,5.17,5.15,5.17,5.15,1805.0,600642,11:00
20,2018-08-06,5.15,5.15,5.16,5.14,1924.0,600642,11:05
21,2018-08-06,5.15,5.17,5.17,5.14,2496.0,600642,11:10
22,2018-08-06,5.17,5.18,5.18,5.15,1322.0,600642,11:15
23,2018-08-06,5.18,5.16,5.19,5.15,1826.0,600642,11:20
24,2018-08-06,5.16,5.16,5.19,5.16,1291.0,600642,11:25
25,2018-08-06,5.16,5.15,5.18,5.15,638.0,600642,11:30
26,2018-08-06,5.15,5.16,5.18,5.15,2536.0,600642,13:05
27,2018-08-06,5.16,5.15,5.16,5.15,1404.0,600642,13:10
28,2018-08-06,5.15,5.15,5.16,5.14,3817.0,600642,13:15
29,2018-08-06,5.15,5.15,5.16,5.14,1365.0,600642,13:20
30,2018-08-06,5.15,5.14,5.16,5.14,1148.0,600642,13:25
31,2018-08-06,5.14,5.14,5.16,5.13,2290.0,600642,13:30
32,2018-08-06,5.14,5.14,5.16,5.14,1592.0,600642,13:35
33,2018-08-06,5.14,5.13,5.15,5.13,1287.0,600642,13:40
34,2018-08-06,5.13,5.13,5.14,5.13,1346.0,600642,13:45
35,2018-08-06,5.13,5.12,5.14,5.12,1441.0,600642,13:50
36,2018-08-06,5.12,5.14,5.14,5.12,2011.0,600642,13:55
37,2018-08-06,5.14,5.13,5.14,5.13,1385.0,600642,14:00
38,2018-08-06,5.13,5.12,5.15,5.12,1179.0,600642,14:05
39,2018-08-06,5.12,5.11,5.13,5.1,3545.0,600642,14:10
40,2018-08-06,5.11,5.11,5.12,5.1,2142.0,600642,14:15
41,2018-08-06,5.11,5.12,5.12,5.1,1380.0,600642,14:20
42,2018-08-06,5.12,5.11,5.12,5.09,2721.0,600642,14:25
43,2018-08-06,5.11,5.09,5.11,5.09,1533.0,600642,14:30
44,2018-08-06,5.09,5.08,5.1,5.08,3405.0,600642,14:35
45,2018-08-06,5.08,5.11,5.11,5.08,5058.0,600642,14:40
46,2018-08-06,5.11,5.11,5.15,5.09,3124.0,600642,14:45
47,2018-08-06,5.11,5.11,5.14,5.1,1552.0,600642,14:50
48,2018-08-06,5.11,5.11,5.14,5.11,581.0,600642,14:55
49,2018-08-06,5.11,5.14,5.15,5.11,794.0,600642,15:00
50,2018-08-07,5.15,5.16,5.16,5.11,4363.0,600642,09:35
51,2018-08-07,5.16,5.15,5.16,5.14,1403.0,600642,09:40
52,2018-08-07,5.15,5.15,5.17,5.14,3391.0,600642,09:45
53,2018-08-07,5.15,5.14,5.16,5.14,2233.0,600642,09:50
54,2018-08-07,5.14,5.14,5.17,5.14,1191.0,600642,09:55
55,2018-08-07,5.14,5.14,5.15,5.14,606.0,600642,10:00
56,2018-08-07,5.14,5.14,5.16,5.14,957.0,600642,10:05
57,2018-08-07,5.14,5.12,5.15,5.12,1165.0,600642,10:10
58,2018-08-07,5.12,5.12,5.14,5.12,1100.0,600642,10:15
59,2018-08-07,5.13,5.13,5.13,5.12,932.0,600642,10:20
60,2018-08-07,5.13,5.11,5.14,5.11,1193.0,600642,10:25
61,2018-08-07,5.11,5.13,5.15,5.11,879.0,600642,10:30
62,2018-08-07,5.13,5.16,5.16,5.13,1002.0,600642,10:35
63,2018-08-07,5.16,5.16,5.16,5.14,1315.0,600642,10:40
64,2018-08-07,5.16,5.15,5.17,5.15,1679.0,600642,10:45
65,2018-08-07,5.15,5.17,5.18,5.15,1361.0,600642,10:50
66,2018-08-07,5.17,5.17,5.2,5.17,2226.0,600642,10:55
67,2018-08-07,5.19,5.18,5.19,5.17,816.0,600642,11:00
68,2018-08-07,5.18,5.18,5.19,5.17,976.0,600642,11:05
69,2018-08-07,5.18,5.18,5.2,5.17,1510.0,600642,11:10
70,2018-08-07,5.18,5.18,5.2,5.17,1387.0,600642,11:15
71,2018-08-07,5.18,5.18,5.2,5.17,1523.0,600642,11:20
72,2018-08-07,5.19,5.18,5.2,5.18,632.0,600642,11:25
73,2018-08-07,5.18,5.21,5.21,5.18,799.0,600642,11:30
74,2018-08-07,5.21,5.2,5.21,5.19,2356.0,600642,13:05
75,2018-08-07,5.2,5.21,5.21,5.19,1053.0,600642,13:10
76,2018-08-07,5.21,5.19,5.21,5.18,2284.0,600642,13:15
77,2018-08-07,5.19,5.2,5.2,5.18,1386.0,600642,13:20
78,2018-08-07,5.2,5.19,5.2,5.18,609.0,600642,13:25
79,2018-08-07,5.19,5.18,5.2,5.18,1127.0,600642,13:30
80,2018-08-07,5.18,5.2,5.2,5.18,1938.0,600642,13:35
81,2018-08-07,5.2,5.21,5.21,5.2,1094.0,600642,13:40
82,2018-08-07,5.21,5.2,5.21,5.19,1223.0,600642,13:45
83,2018-08-07,5.2,5.21,5.21,5.19,808.0,600642,13:50
84,2018-08-07,5.21,5.21,5.21,5.19,947.0,600642,13:55
85,2018-08-07,5.21,5.21,5.22,5.19,1424.0,600642,14:00
86,2018-08-07,5.22,5.22,5.22,5.2,1362.0,600642,14:05
87,2018-08-07,5.22,5.2,5.22,5.2,1003.0,600642,14:10
88,2018-08-07,5.2,5.22,5.22,5.2,1062.0,600642,14:15
89,2018-08-07,5.22,5.23,5.23,5.21,1067.0,600642,14:20
90,2018-08-07,5.23,5.22,5.23,5.22,1431.0,600642,14:25
91,2018-08-07,5.23,5.25,5.26,5.22,4807.0,600642,14:30
92,2018-08-07,5.25,5.24,5.25,5.22,1145.0,600642,14:35
93,2018-08-07,5.24,5.24,5.24,5.23,1446.0,600642,14:40
94,2018-08-07,5.24,5.27,5.27,5.23,3085.0,600642,14:45
95,2018-08-07,5.27,5.26,5.28,5.26,2722.0,600642,14:50
96,2018-08-07,5.26,5.26,5.28,5.26,1417.0,600642,14:55
97,2018-08-07,5.26,5.27,5.27,5.25,2723.0,600642,15:00
98,2018-08-08,5.25,5.27,5.27,5.24,3786.0,600642,09:35
99,2018-08-08,5.27,5.27,5.29,5.26,1911.0,600642,09:40
100,2018-08-08,5.28,5.28,5.28,5.27,1349.0,600642,09:45
101,2018-08-08,5.27,5.26,5.28,5.26,1473.0,600642,09:50
102,2018-08-08,5.26,5.26,5.28,5.26,3391.0,600642,09:55
103,2018-08-08,5.26,5.26,5.27,5.26,1928.0,600642,10:00
104,2018-08-08,5.26,5.25,5.26,5.25,1269.0,600642,10:05
105,2018-08-08,5.26,5.26,5.27,5.25,1096.0,600642,10:10
106,2018-08-08,5.26,5.27,5.28,5.26,1070.0,600642,10:15
107,2018-08-08,5.27,5.29,5.3,5.27,1938.0,600642,10:20
108,2018-08-08,5.29,5.29,5.3,5.28,903.0,600642,10:25
109,2018-08-08,5.29,5.31,5.32,5.29,5355.0,600642,10:30
110,2018-08-08,5.32,5.32,5.33,5.31,5721.0,600642,10:35
111,2018-08-08,5.31,5.32,5.33,5.31,4780.0,600642,10:40
112,2018-08-08,5.32,5.33,5.33,5.31,968.0,600642,10:45
113,2018-08-08,5.32,5.33,5.34,5.32,4260.0,600642,10:50
114,2018-08-08,5.32,5.33,5.33,5.32,1388.0,600642,10:55
115,2018-08-08,5.33,5.33,5.33,5.31,2013.0,600642,11:00
116,2018-08-08,5.33,5.31,5.33,5.31,1445.0,600642,11:05
117,2018-08-08,5.32,5.31,5.33,5.31,2799.0,600642,11:10
118,2018-08-08,5.31,5.32,5.33,5.31,3674.0,600642,11:15
119,2018-08-08,5.32,5.32,5.32,5.31,1139.0,600642,11:20
120,2018-08-08,5.32,5.31,5.33,5.3,2130.0,600642,11:25
121,2018-08-08,5.31,5.32,5.32,5.3,555.0,600642,11:30
122,2018-08-08,5.32,5.32,5.33,5.31,1500.0,600642,13:05
123,2018-08-08,5.32,5.33,5.33,5.31,534.0,600642,13:10
124,2018-08-08,5.33,5.32,5.33,5.31,773.0,600642,13:15
125,2018-08-08,5.32,5.31,5.33,5.31,535.0,600642,13:20
126,2018-08-08,5.31,5.32,5.32,5.31,567.0,600642,13:25
127,2018-08-08,5.32,5.3,5.32,5.3,1950.0,600642,13:30
128,2018-08-08,5.3,5.31,5.31,5.3,1078.0,600642,13:35
129,2018-08-08,5.31,5.3,5.31,5.3,706.0,600642,13:40
130,2018-08-08,5.3,5.3,5.31,5.3,614.0,600642,13:45
131,2018-08-08,5.3,5.3,5.31,5.3,353.0,600642,13:50
132,2018-08-08,5.31,5.31,5.31,5.3,476.0,600642,13:55
133,2018-08-08,5.31,5.29,5.31,5.29,1740.0,600642,14:00
134,2018-08-08,5.29,5.3,5.3,5.28,3445.0,600642,14:05
135,2018-08-08,5.29,5.31,5.31,5.29,1269.0,600642,14:10
136,2018-08-08,5.31,5.3,5.31,5.29,1935.0,600642,14:15
137,2018-08-08,5.3,5.3,5.3,5.29,1121.0,600642,14:20
138,2018-08-08,5.3,5.3,5.31,5.3,1646.0,600642,14:25
139,2018-08-08,5.31,5.3,5.31,5.29,1736.0,600642,14:30
140,2018-08-08,5.3,5.3,5.3,5.29,218.0,600642,14:35
141,2018-08-08,5.3,5.3,5.3,5.29,356.0,600642,14:40
142,2018-08-08,5.29,5.3,5.3,5.29,763.0,600642,14:45
143,2018-08-08,5.3,5.28,5.3,5.28,1150.0,600642,14:50
144,2018-08-08,5.28,5.28,5.3,5.28,884.0,600642,14:55
145,2018-08-08,5.28,5.29,5.3,5.28,607.0,600642,15:00
146,2018-08-09,5.28,5.32,5.33,5.26,5018.0,600642,09:35
147,2018-08-09,5.32,5.31,5.33,5.3,1991.0,600642,09:40
148,2018-08-09,5.32,5.31,5.32,5.3,1752.0,600642,09:45
149,2018-08-09,5.31,5.32,5.32,5.3,2181.0,600642,09:50
150,2018-08-09,5.32,5.3,5.32,5.29,1635.0,600642,09:55
151,2018-08-09,5.3,5.31,5.31,5.28,2511.0,600642,10:00
152,2018-08-09,5.3,5.31,5.32,5.3,1884.0,600642,10:05
153,2018-08-09,5.31,5.31,5.32,5.3,1263.0,600642,10:10
154,2018-08-09,5.31,5.32,5.32,5.3,776.0,600642,10:15
155,2018-08-09,5.32,5.32,5.32,5.31,812.0,600642,10:20
156,2018-08-09,5.31,5.3,5.32,5.3,1794.0,600642,10:25
157,2018-08-09,5.3,5.3,5.32,5.3,1706.0,600642,10:30
158,2018-08-09,5.3,5.3,5.31,5.3,1341.0,600642,10:35
159,2018-08-09,5.3,5.33,5.33,5.3,3205.0,600642,10:40
160,2018-08-09,5.33,5.34,5.34,5.32,5304.0,600642,10:45
161,2018-08-09,5.34,5.34,5.35,5.33,4871.0,600642,10:50
162,2018-08-09,5.35,5.34,5.35,5.33,1848.0,600642,10:55
163,2018-08-09,5.34,5.34,5.34,5.33,1530.0,600642,11:00
164,2018-08-09,5.33,5.34,5.34,5.33,2128.0,600642,11:05
165,2018-08-09,5.34,5.33,5.34,5.33,3915.0,600642,11:10
166,2018-08-09,5.33,5.33,5.33,5.32,1287.0,600642,11:15
167,2018-08-09,5.33,5.33,5.33,5.32,724.0,600642,11:20
168,2018-08-09,5.33,5.33,5.33,5.32,1262.0,600642,11:25
169,2018-08-09,5.33,5.33,5.33,5.32,2209.0,600642,11:30
170,2018-08-09,5.33,5.33,5.33,5.32,2398.0,600642,13:05
171,2018-08-09,5.33,5.34,5.34,5.32,2228.0,600642,13:10
172,2018-08-09,5.34,5.34,5.34,5.32,2395.0,600642,13:15
173,2018-08-09,5.34,5.34,5.34,5.33,1791.0,600642,13:20
174,2018-08-09,5.34,5.34,5.34,5.33,1511.0,600642,13:25
175,2018-08-09,5.34,5.34,5.34,5.33,683.0,600642,13:30
176,2018-08-09,5.34,5.33,5.34,5.33,1509.0,600642,13:35
177,2018-08-09,5.34,5.34,5.34,5.33,812.0,600642,13:40
178,2018-08-09,5.34,5.34,5.34,5.33,871.0,600642,13:45
179,2018-08-09,5.34,5.33,5.34,5.33,995.0,600642,13:50
180,2018-08-09,5.33,5.34,5.34,5.33,753.0,600642,13:55
181,2018-08-09,5.34,5.34,5.34,5.33,1634.0,600642,14:00
182,2018-08-09,5.34,5.33,5.34,5.33,1207.0,600642,14:05
183,2018-08-09,5.34,5.34,5.34,5.33,976.0,600642,14:10
184,2018-08-09,5.33,5.34,5.34,5.33,983.0,600642,14:15
185,2018-08-09,5.34,5.34,5.34,5.33,3378.0,600642,14:20
186,2018-08-09,5.34,5.33,5.34,5.33,1384.0,600642,14:25
187,2018-08-09,5.34,5.32,5.34,5.31,7225.0,600642,14:30
188,2018-08-09,5.32,5.33,5.34,5.31,9798.0,600642,14:35
189,2018-08-09,5.33,5.33,5.34,5.33,620.0,600642,14:40
190,2018-08-09,5.34,5.33,5.34,5.32,3435.0,600642,14:45
191,2018-08-09,5.33,5.33,5.33,5.32,2119.0,600642,14:50
192,2018-08-09,5.33,5.37,5.37,5.32,15953.0,600642,14:55
193,2018-08-09,5.36,5.34,5.37,5.33,7078.0,600642,15:00
194,2018-08-10,5.16,5.13,5.16,5.13,16144.0,600642,09:35
195,2018-08-10,5.13,5.13,5.14,5.13,6031.0,600642,09:40
196,2018-08-10,5.13,5.13,5.14,5.12,6664.0,600642,09:45
197,2018-08-10,5.13,5.13,5.14,5.13,1392.0,600642,09:50
198,2018-08-10,5.14,5.13,5.14,5.13,3034.0,600642,09:55
199,2018-08-10,5.13,5.15,5.15,5.13,2909.0,600642,10:00
200,2018-08-10,5.15,5.15,5.15,5.14,656.0,600642,10:05
201,2018-08-10,5.15,5.15,5.15,5.13,1953.0,600642,10:10
202,2018-08-10,5.15,5.14,5.15,5.13,1179.0,600642,10:15
203,2018-08-10,5.14,5.13,5.14,5.13,1254.0,600642,10:20
204,2018-08-10,5.13,5.13,5.14,5.13,935.0,600642,10:25
205,2018-08-10,5.13,5.13,5.14,5.13,591.0,600642,10:30
206,2018-08-10,5.13,5.13,5.14,5.12,1853.0,600642,10:35
207,2018-08-10,5.13,5.13,5.13,5.12,1026.0,600642,10:40
208,2018-08-10,5.13,5.12,5.14,5.12,1077.0,600642,10:45
209,2018-08-10,5.12,5.14,5.14,5.12,742.0,600642,10:50
210,2018-08-10,5.14,5.14,5.14,5.13,346.0,600642,10:55
211,2018-08-10,5.14,5.13,5.14,5.13,249.0,600642,11:00
212,2018-08-10,5.13,5.13,5.13,5.13,584.0,600642,11:05
213,2018-08-10,5.13,5.14,5.14,5.13,302.0,600642,11:10
214,2018-08-10,5.14,5.12,5.14,5.12,667.0,600642,11:15
215,2018-08-10,5.12,5.14,5.14,5.12,758.0,600642,11:20
216,2018-08-10,5.14,5.13,5.14,5.13,250.0,600642,11:25
217,2018-08-10,5.13,5.13,5.14,5.13,593.0,600642,11:30
218,2018-08-10,5.13,5.12,5.14,5.12,1695.0,600642,13:05
219,2018-08-10,5.12,5.13,5.13,5.12,3649.0,600642,13:10
220,2018-08-10,5.13,5.12,5.13,5.12,744.0,600642,13:15
221,2018-08-10,5.12,5.12,5.13,5.12,1220.0,600642,13:20
222,2018-08-10,5.13,5.12,5.13,5.12,472.0,600642,13:25
223,2018-08-10,5.12,5.11,5.12,5.11,3693.0,600642,13:30
224,2018-08-10,5.11,5.11,5.12,5.1,1595.0,600642,13:35
225,2018-08-10,5.11,5.11,5.12,5.1,8187.0,600642,13:40
226,2018-08-10,5.11,5.12,5.12,5.1,914.0,600642,13:45
227,2018-08-10,5.12,5.12,5.12,5.11,979.0,600642,13:50
228,2018-08-10,5.12,5.12,5.12,5.11,846.0,600642,13:55
229,2018-08-10,5.12,5.12,5.12,5.11,1175.0,600642,14:00
230,2018-08-10,5.12,5.12,5.12,5.11,481.0,600642,14:05
231,2018-08-10,5.12,5.12,5.12,5.11,509.0,600642,14:10
232,2018-08-10,5.12,5.12,5.12,5.11,546.0,600642,14:15
233,2018-08-10,5.12,5.12,5.12,5.11,373.0,600642,14:20
234,2018-08-10,5.12,5.11,5.12,5.11,309.0,600642,14:25
235,2018-08-10,5.11,5.11,5.12,5.11,842.0,600642,14:30
236,2018-08-10,5.11,5.12,5.12,5.11,679.0,600642,14:35
237,2018-08-10,5.12,5.11,5.12,5.11,1651.0,600642,14:40
238,2018-08-10,5.11,5.11,5.12,5.11,2341.0,600642,14:45
239,2018-08-10,5.11,5.12,5.12,5.11,1333.0,600642,14:50
240,2018-08-10,5.11,5.12,5.12,5.11,1989.0,600642,14:55
241,2018-08-10,5.12,5.12,5.12,5.11,2377.0,600642,15:00
242,2018-08-13,5.11,5.1,5.11,5.08,6568.0,600642,09:35
243,2018-08-13,5.1,5.1,5.1,5.09,1924.0,600642,09:40
244,2018-08-13,5.1,5.09,5.1,5.08,2486.0,600642,09:45
245,2018-08-13,5.09,5.09,5.1,5.08,2671.0,600642,09:50
246,2018-08-13,5.09,5.08,5.1,5.07,1625.0,600642,09:55
247,2018-08-13,5.08,5.07,5.09,5.07,2621.0,600642,10:00
248,2018-08-13,5.07,5.08,5.09,5.07,953.0,600642,10:05
249,2018-08-13,5.08,5.07,5.08,5.07,368.0,600642,10:10
250,2018-08-13,5.07,5.08,5.08,5.07,989.0,600642,10:15
251,2018-08-13,5.08,5.09,5.09,5.07,634.0,600642,10:20
252,2018-08-13,5.09,5.08,5.09,5.07,764.0,600642,10:25
253,2018-08-13,5.07,5.07,5.08,5.07,931.0,600642,10:30
254,2018-08-13,5.07,5.08,5.08,5.07,435.0,600642,10:35
255,2018-08-13,5.08,5.06,5.08,5.06,3009.0,600642,10:40
256,2018-08-13,5.06,5.06,5.07,5.06,614.0,600642,10:45
257,2018-08-13,5.06,5.07,5.08,5.06,501.0,600642,10:50
258,2018-08-13,5.07,5.07,5.08,5.07,366.0,600642,10:55
259,2018-08-13,5.07,5.08,5.08,5.07,734.0,600642,11:00
260,2018-08-13,5.07,5.08,5.08,5.07,850.0,600642,11:05
261,2018-08-13,5.08,5.07,5.08,5.07,818.0,600642,11:10
262,2018-08-13,5.07,5.08,5.08,5.07,370.0,600642,11:15
263,2018-08-13,5.08,5.08,5.08,5.07,886.0,600642,11:20
264,2018-08-13,5.08,5.08,5.09,5.08,1548.0,600642,11:25
265,2018-08-13,5.08,5.09,5.09,5.08,668.0,600642,11:30
266,2018-08-13,5.09,5.08,5.09,5.08,642.0,600642,13:05
267,2018-08-13,5.08,5.09,5.09,5.08,334.0,600642,13:10
268,2018-08-13,5.09,5.08,5.09,5.08,261.0,600642,13:15
269,2018-08-13,5.08,5.09,5.09,5.08,1380.0,600642,13:20
270,2018-08-13,5.09,5.08,5.09,5.08,1446.0,600642,13:25
271,2018-08-13,5.08,5.08,5.08,5.07,2155.0,600642,13:30
272,2018-08-13,5.08,5.08,5.08,5.06,752.0,600642,13:35
273,2018-08-13,5.08,5.07,5.08,5.07,661.0,600642,13:40
274,2018-08-13,5.07,5.09,5.09,5.07,927.0,600642,13:45
275,2018-08-13,5.09,5.09,5.1,5.08,1038.0,600642,13:50
276,2018-08-13,5.09,5.09,5.1,5.09,163.0,600642,13:55
277,2018-08-13,5.09,5.12,5.12,5.09,1821.0,600642,14:00
278,2018-08-13,5.12,5.14,5.14,5.11,2818.0,600642,14:05
279,2018-08-13,5.14,5.14,5.14,5.13,1129.0,600642,14:10
280,2018-08-13,5.14,5.13,5.14,5.13,2107.0,600642,14:15
281,2018-08-13,5.13,5.12,5.14,5.12,791.0,600642,14:20
282,2018-08-13,5.12,5.14,5.14,5.12,2175.0,600642,14:25
283,2018-08-13,5.14,5.14,5.14,5.12,2414.0,600642,14:30
284,2018-08-13,5.14,5.13,5.14,5.13,1065.0,600642,14:35
285,2018-08-13,5.13,5.13,5.14,5.13,1523.0,600642,14:40
286,2018-08-13,5.13,5.11,5.14,5.11,2520.0,600642,14:45
287,2018-08-13,5.11,5.12,5.12,5.09,4282.0,600642,14:50
288,2018-08-13,5.12,5.11,5.12,5.09,2940.0,600642,14:55
289,2018-08-13,5.11,5.1,5.11,5.07,5197.0,600642,15:00
290,2018-08-14,5.11,5.12,5.13,5.09,5084.0,600642,09:35
291,2018-08-14,5.12,5.12,5.13,5.1,2131.0,600642,09:40
292,2018-08-14,5.12,5.11,5.12,5.09,944.0,600642,09:45
293,2018-08-14,5.11,5.12,5.12,5.1,1388.0,600642,09:50
294,2018-08-14,5.12,5.11,5.12,5.1,1005.0,600642,09:55
295,2018-08-14,5.11,5.1,5.12,5.1,1577.0,600642,10:00
296,2018-08-14,5.1,5.12,5.12,5.1,1877.0,600642,10:05
297,2018-08-14,5.12,5.12,5.12,5.11,952.0,600642,10:10
298,2018-08-14,5.12,5.12,5.13,5.11,1080.0,600642,10:15
299,2018-08-14,5.12,5.13,5.13,5.12,1623.0,600642,10:20
300,2018-08-14,5.13,5.14,5.14,5.12,1872.0,600642,10:25
301,2018-08-14,5.14,5.13,5.14,5.12,1141.0,600642,10:30
302,2018-08-14,5.13,5.13,5.13,5.12,726.0,600642,10:35
303,2018-08-14,5.13,5.13,5.14,5.12,595.0,600642,10:40
304,2018-08-14,5.13,5.11,5.14,5.11,1068.0,600642,10:45
305,2018-08-14,5.11,5.12,5.13,5.11,825.0,600642,10:50
306,2018-08-14,5.12,5.11,5.12,5.1,2065.0,600642,10:55
307,2018-08-14,5.11,5.1,5.12,5.1,1316.0,600642,11:00
308,2018-08-14,5.1,5.1,5.12,5.1,331.0,600642,11:05
309,2018-08-14,5.1,5.11,5.12,5.1,363.0,600642,11:10
310,2018-08-14,5.11,5.12,5.12,5.11,626.0,600642,11:15
311,2018-08-14,5.12,5.13,5.13,5.1,1836.0,600642,11:20
312,2018-08-14,5.13,5.13,5.13,5.12,991.0,600642,11:25
313,2018-08-14,5.13,5.11,5.13,5.11,569.0,600642,11:30
314,2018-08-14,5.11,5.13,5.13,5.11,1451.0,600642,13:05
315,2018-08-14,5.13,5.13,5.13,5.12,380.0,600642,13:10
316,2018-08-14,5.13,5.13,5.13,5.11,584.0,600642,13:15
317,2018-08-14,5.13,5.12,5.13,5.12,599.0,600642,13:20
318,2018-08-14,5.13,5.13,5.13,5.12,1065.0,600642,13:25
319,2018-08-14,5.13,5.13,5.14,5.12,1315.0,600642,13:30
320,2018-08-14,5.13,5.13,5.14,5.13,1184.0,600642,13:35
321,2018-08-14,5.13,5.14,5.14,5.13,625.0,600642,13:40
322,2018-08-14,5.14,5.12,5.14,5.12,1239.0,600642,13:45
323,2018-08-14,5.12,5.14,5.14,5.12,394.0,600642,13:50
324,2018-08-14,5.14,5.13,5.14,5.13,1221.0,600642,13:55
325,2018-08-14,5.13,5.14,5.14,5.13,660.0,600642,14:00
326,2018-08-14,5.13,5.13,5.14,5.12,498.0,600642,14:05
327,2018-08-14,5.13,5.13,5.13,5.12,2014.0,600642,14:10
328,2018-08-14,5.13,5.11,5.13,5.11,599.0,600642,14:15
329,2018-08-14,5.11,5.13,5.13,5.11,972.0,600642,14:20
330,2018-08-14,5.13,5.13,5.13,5.12,315.0,600642,14:25
331,2018-08-14,5.13,5.12,5.13,5.12,361.0,600642,14:30
332,2018-08-14,5.12,5.12,5.13,5.12,566.0,600642,14:35
333,2018-08-14,5.12,5.12,5.13,5.12,264.0,600642,14:40
334,2018-08-14,5.12,5.13,5.14,5.12,1109.0,600642,14:45
335,2018-08-14,5.13,5.13,5.14,5.12,706.0,600642,14:50
336,2018-08-14,5.13,5.12,5.14,5.12,884.0,600642,14:55
337,2018-08-14,5.12,5.14,5.14,5.12,1285.0,600642,15:00
338,2018-08-15,5.14,5.15,5.16,5.13,2295.0,600642,09:35
339,2018-08-15,5.15,5.14,5.15,5.13,405.0,600642,09:40
340,2018-08-15,5.14,5.14,5.15,5.13,765.0,600642,09:45
341,2018-08-15,5.14,5.14,5.15,5.13,493.0,600642,09:50
342,2018-08-15,5.14,5.14,5.14,5.12,744.0,600642,09:55
343,2018-08-15,5.14,5.14,5.14,5.11,1188.0,600642,10:00
344,2018-08-15,5.14,5.12,5.14,5.11,678.0,600642,10:05
345,2018-08-15,5.12,5.11,5.13,5.11,495.0,600642,10:10
346,2018-08-15,5.11,5.13,5.13,5.11,762.0,600642,10:15
347,2018-08-15,5.13,5.13,5.13,5.12,84.0,600642,10:20
348,2018-08-15,5.13,5.13,5.14,5.12,478.0,600642,10:25
349,2018-08-15,5.13,5.12,5.14,5.12,577.0,600642,10:30
350,2018-08-15,5.12,5.13,5.13,5.12,387.0,600642,10:35
351,2018-08-15,5.13,5.13,5.13,5.12,451.0,600642,10:40
352,2018-08-15,5.13,5.13,5.14,5.12,636.0,600642,10:45
353,2018-08-15,5.13,5.14,5.14,5.12,424.0,600642,10:50
354,2018-08-15,5.13,5.12,5.13,5.12,921.0,600642,10:55
355,2018-08-15,5.12,5.12,5.14,5.12,1998.0,600642,11:00
356,2018-08-15,5.13,5.12,5.13,5.11,1261.0,600642,11:05
357,2018-08-15,5.12,5.13,5.13,5.11,1021.0,600642,11:10
358,2018-08-15,5.13,5.1,5.13,5.1,1786.0,600642,11:15
359,2018-08-15,5.1,5.1,5.11,5.09,2207.0,600642,11:20
360,2018-08-15,5.09,5.1,5.11,5.08,1730.0,600642,11:25
361,2018-08-15,5.09,5.09,5.1,5.08,644.0,600642,11:30
362,2018-08-15,5.09,5.09,5.1,5.08,1894.0,600642,13:05
363,2018-08-15,5.09,5.09,5.09,5.08,1387.0,600642,13:10
364,2018-08-15,5.08,5.08,5.1,5.08,983.0,600642,13:15
365,2018-08-15,5.08,5.1,5.1,5.08,901.0,600642,13:20
366,2018-08-15,5.1,5.09,5.1,5.09,772.0,600642,13:25
367,2018-08-15,5.09,5.09,5.1,5.08,837.0,600642,13:30
368,2018-08-15,5.09,5.1,5.1,5.09,541.0,600642,13:35
369,2018-08-15,5.1,5.1,5.1,5.09,1683.0,600642,13:40
370,2018-08-15,5.1,5.1,5.1,5.09,480.0,600642,13:45
371,2018-08-15,5.1,5.1,5.1,5.09,508.0,600642,13:50
372,2018-08-15,5.1,5.1,5.1,5.09,1198.0,600642,13:55
373,2018-08-15,5.1,5.1,5.1,5.09,903.0,600642,14:00
374,2018-08-15,5.09,5.1,5.1,5.08,487.0,600642,14:05
375,2018-08-15,5.1,5.09,5.1,5.09,572.0,600642,14:10
376,2018-08-15,5.09,5.11,5.11,5.09,1143.0,600642,14:15
377,2018-08-15,5.11,5.1,5.11,5.09,948.0,600642,14:20
378,2018-08-15,5.1,5.1,5.1,5.09,381.0,600642,14:25
379,2018-08-15,5.1,5.1,5.1,5.08,429.0,600642,14:30
380,2018-08-15,5.1,5.09,5.1,5.08,1163.0,600642,14:35
381,2018-08-15,5.09,5.1,5.1,5.09,617.0,600642,14:40
382,2018-08-15,5.1,5.08,5.1,5.08,1236.0,600642,14:45
383,2018-08-15,5.09,5.08,5.09,5.07,2540.0,600642,14:50
384,2018-08-15,5.08,5.08,5.08,5.07,1480.0,600642,14:55
385,2018-08-15,5.08,5.09,5.1,5.08,1173.0,600642,15:00
386,2018-08-16,5.05,5.07,5.09,5.04,6409.0,600642,09:35
387,2018-08-16,5.07,5.07,5.08,5.03,3180.0,600642,09:40
388,2018-08-16,5.07,5.06,5.07,5.05,1449.0,600642,09:45
389,2018-08-16,5.06,5.04,5.06,5.04,1253.0,600642,09:50
390,2018-08-16,5.04,5.04,5.05,5.03,2776.0,600642,09:55
391,2018-08-16,5.04,5.06,5.07,5.03,2316.0,600642,10:00
392,2018-08-16,5.06,5.07,5.07,5.05,1101.0,600642,10:05
393,2018-08-16,5.07,5.07,5.07,5.06,923.0,600642,10:10
394,2018-08-16,5.07,5.07,5.08,5.06,1389.0,600642,10:15
395,2018-08-16,5.07,5.07,5.08,5.06,996.0,600642,10:20
396,2018-08-16,5.07,5.06,5.07,5.05,1732.0,600642,10:25
397,2018-08-16,5.06,5.07,5.07,5.05,1266.0,600642,10:30
398,2018-08-16,5.07,5.06,5.07,5.06,672.0,600642,10:35
399,2018-08-16,5.06,5.07,5.07,5.06,519.0,600642,10:40
400,2018-08-16,5.07,5.05,5.08,5.05,878.0,600642,10:45
401,2018-08-16,5.05,5.07,5.07,5.05,694.0,600642,10:50
402,2018-08-16,5.07,5.06,5.07,5.06,322.0,600642,10:55
403,2018-08-16,5.06,5.07,5.07,5.06,244.0,600642,11:00
404,2018-08-16,5.07,5.06,5.07,5.05,172.0,600642,11:05
405,2018-08-16,5.06,5.06,5.07,5.05,760.0,600642,11:10
406,2018-08-16,5.06,5.06,5.07,5.05,637.0,600642,11:15
407,2018-08-16,5.06,5.06,5.07,5.05,423.0,600642,11:20
408,2018-08-16,5.06,5.06,5.06,5.05,530.0,600642,11:25
409,2018-08-16,5.06,5.05,5.06,5.05,748.0,600642,11:30
410,2018-08-16,5.05,5.08,5.08,5.05,1477.0,600642,13:05
411,2018-08-16,5.08,5.07,5.08,5.06,220.0,600642,13:10
412,2018-08-16,5.07,5.08,5.08,5.06,834.0,600642,13:15
413,2018-08-16,5.08,5.07,5.08,5.06,823.0,600642,13:20
414,2018-08-16,5.07,5.08,5.08,5.07,807.0,600642,13:25
415,2018-08-16,5.08,5.08,5.08,5.06,854.0,600642,13:30
416,2018-08-16,5.08,5.06,5.08,5.06,567.0,600642,13:35
417,2018-08-16,5.06,5.07,5.08,5.06,815.0,600642,13:40
418,2018-08-16,5.07,5.06,5.07,5.06,443.0,600642,13:45
419,2018-08-16,5.06,5.06,5.07,5.06,342.0,600642,13:50
420,2018-08-16,5.06,5.06,5.06,5.05,334.0,600642,13:55
421,2018-08-16,5.06,5.06,5.07,5.05,318.0,600642,14:00
422,2018-08-16,5.06,5.06,5.07,5.05,445.0,600642,14:05
423,2018-08-16,5.06,5.05,5.07,5.05,333.0,600642,14:10
424,2018-08-16,5.05,5.05,5.06,5.05,436.0,600642,14:15
425,2018-08-16,5.05,5.05,5.06,5.05,1039.0,600642,14:20
426,2018-08-16,5.05,5.05,5.06,5.04,681.0,600642,14:25
427,2018-08-16,5.05,5.04,5.05,5.04,327.0,600642,14:30
428,2018-08-16,5.04,5.04,5.04,5.03,2531.0,600642,14:35
429,2018-08-16,5.04,5.03,5.04,5.03,1203.0,600642,14:40
430,2018-08-16,5.03,5.03,5.04,5.03,1165.0,600642,14:45
431,2018-08-16,5.03,5.03,5.04,5.03,1570.0,600642,14:50
432,2018-08-16,5.03,5.03,5.04,5.02,1461.0,600642,14:55
433,2018-08-16,5.03,5.05,5.05,5.02,3963.0,600642,15:00
434,2018-08-17,5.05,5.07,5.08,5.05,1727.0,600642,09:35
435,2018-08-17,5.07,5.07,5.07,5.06,368.0,600642,09:40
436,2018-08-17,5.07,5.07,5.07,5.06,544.0,600642,09:45
437,2018-08-17,5.07,5.06,5.07,5.05,896.0,600642,09:50
438,2018-08-17,5.06,5.06,5.06,5.05,929.0,600642,09:55
439,2018-08-17,5.06,5.04,5.06,5.03,998.0,600642,10:00
440,2018-08-17,5.04,5.05,5.05,5.04,507.0,600642,10:05
441,2018-08-17,5.05,5.05,5.05,5.04,824.0,600642,10:10
442,2018-08-17,5.05,5.05,5.05,5.03,766.0,600642,10:15
443,2018-08-17,5.05,5.04,5.05,5.03,980.0,600642,10:20
444,2018-08-17,5.03,5.04,5.04,5.02,734.0,600642,10:25
445,2018-08-17,5.03,5.03,5.03,5.02,800.0,600642,10:30
446,2018-08-17,5.03,5.03,5.04,5.02,1317.0,600642,10:35
447,2018-08-17,5.02,5.02,5.03,5.02,628.0,600642,10:40
448,2018-08-17,5.02,5.02,5.03,5.02,1006.0,600642,10:45
449,2018-08-17,5.02,5.02,5.03,5.02,657.0,600642,10:50
450,2018-08-17,5.02,5.02,5.02,5.01,444.0,600642,10:55
451,2018-08-17,5.02,5.02,5.02,5.01,579.0,600642,11:00
452,2018-08-17,5.02,5.02,5.02,5.01,353.0,600642,11:05
453,2018-08-17,5.02,5.02,5.03,5.01,848.0,600642,11:10
454,2018-08-17,5.02,5.02,5.03,5.01,235.0,600642,11:15
455,2018-08-17,5.02,5.01,5.02,5.01,306.0,600642,11:20
456,2018-08-17,5.01,5.01,5.02,5.01,466.0,600642,11:25
457,2018-08-17,5.01,5.02,5.02,5.01,710.0,600642,11:30
458,2018-08-17,5.02,5.02,5.02,5.01,723.0,600642,13:05
459,2018-08-17,5.02,5.01,5.02,5.01,427.0,600642,13:10
460,2018-08-17,5.01,5.02,5.02,5.01,501.0,600642,13:15
461,2018-08-17,5.02,5.01,5.02,5.01,498.0,600642,13:20
462,2018-08-17,5.01,5.01,5.02,5.01,691.0,600642,13:25
463,2018-08-17,5.01,5.01,5.02,5.01,905.0,600642,13:30
464,2018-08-17,5.01,5.0,5.02,5.0,1575.0,600642,13:35
465,2018-08-17,5.0,5.0,5.01,5.0,781.0,600642,13:40
466,2018-08-17,5.0,5.01,5.01,5.0,2321.0,600642,13:45
467,2018-08-17,5.01,5.02,5.02,5.0,2040.0,600642,13:50
468,2018-08-17,5.02,5.02,5.02,5.01,710.0,600642,13:55
469,2018-08-17,5.02,5.01,5.02,5.01,438.0,600642,14:00
470,2018-08-17,5.01,5.01,5.02,5.01,468.0,600642,14:05
471,2018-08-17,5.01,5.01,5.02,5.01,603.0,600642,14:10
472,2018-08-17,5.01,5.01,5.02,5.01,526.0,600642,14:15
473,2018-08-17,5.01,5.01,5.01,5.0,1262.0,600642,14:20
474,2018-08-17,5.01,5.01,5.01,5.0,916.0,600642,14:25
475,2018-08-17,5.01,5.01,5.01,5.0,718.0,600642,14:30
476,2018-08-17,5.01,5.0,5.02,5.0,950.0,600642,14:35
477,2018-08-17,5.0,5.0,5.01,5.0,1347.0,600642,14:40
478,2018-08-17,5.0,5.0,5.01,5.0,4227.0,600642,14:45
479,2018-08-17,5.0,4.98,5.01,4.98,3323.0,600642,14:50
480,2018-08-17,4.98,4.99,4.99,4.98,1133.0,600642,14:55
481,2018-08-17,4.99,4.98,4.99,4.98,1867.0,600642,15:00
